Eval_metrics,TabPFN Model
R2 Score,0.8231110972770319
MSE,1334.540062589895
MAE,17.990992979569867
MSLE,0.10155270105907789
MRSE,0.3247136595529177
Training time,8.080769777297974
