Eval_metrics,Random_forest_Op
R2 Score,0.810666075612761
MSE,1428.4316506720465
MAE,20.138862340169137
MSLE,0.1259635573400182
MRSE,0.783847102044044
Training time,54.513585805892944
