Eval_metrics,MLP Regressor
R2 Score,0.5648527197644173
MSE,3282.972926294337
MAE,0.1493631850486018
MSLE,37.11813313324688
MRSE,0.21254550385791118
Training time,26.838443279266357
