Eval_metrics,TabPFN Model
R2 Score,0.9264826949630869
MSE,322.5407348387108
MAE,10.799037645128042
MSLE,0.048900825621636085
MRSE,0.18928186566492108
Training time,11.821163177490234
