Eval_metrics,NN TensorFlow
R2 Score,0.5827158297834283
MSE,2978.118110214386
MAE,36.556992790915736
MSLR,0.13034913751572538
MRSE,0.2163384201056514
Training time,44.8519721031189
