Eval_metrics,Decision_tree_RS
R2 Score,0.8025368968229936
MSE,866.3252056133604
MAE,20.57836692936693
MSLE,0.050060352998413896
MRSE,0.06198442369745152
Training time,0.17174935340881348
