Eval_metrics,Decision_tree_Op
R2 Score,0.6649164197249774
MSE,1470.104272184976
MAE,24.527433862433863
MSLE,0.06818517439042929
MRSE,0.10992538346550598
Training time,1.052271842956543
