Eval_metrics,Desicion_tree_GS
R2 Score,0.8309838992233861
MSE,1275.143631041557
MAE,19.411698150334516
MSLE,0.15102618334284978
MRSE,1.299840126187545
Training time,0.20862841606140137
