Eval_metrics,Elastic-Net Model
R2 Score,0.5374491584626566
MSE,3301.1821113710685
MAE,40.4601443897594
MSLR,0.14412300946989595
MRSE,0.2365354828021412
Training time,45.405847787857056
