Eval_metrics,XGBoost_Op
R2 Score,0.7681436064078994
MSE,1749.2428369057461
MAE,22.003735975785677
MSLE,0.12669915248534658
MRSE,0.6997801531288025
Training time,57.701844930648804
