Eval_metrics,Random_forest_Op
R2 Score,0.8890763165988412
MSE,486.6528545525765
MAE,13.442916719813999
MSLE,0.07397563979076738
MRSE,0.2862519387644979
Training time,53.726181983947754
