Eval_metrics,XGBoost_RS
R2 Score,0.938670839626508
MSE,443.9573253054789
MAE,14.247391700744629
MSLE,0.02781363451576158
MRSE,0.03887724607219298
Training time,43.204354763031006
