Eval_metrics,XGBoost_Enhanced
R2 Score,0.9210069847546406
MSE,346.5641888201827
MAE,13.074026353624134
MSLE,0.04899736436697466
MRSE,0.16382207846711364
Training time,17.990914344787598
