Eval_metrics,Decision_tree_RS
R2 Score,0.81947379235661
MSE,1361.9817452587095
MAE,19.31590909090909
MSLE,0.15060779615142503
MRSE,1.301672534434039
Training time,0.25209832191467285
