Eval_metrics,XGBoost_RS
R2 Score,0.8920046898176606
MSE,473.80527194048614
MAE,14.145553029378249
MSLE,0.06444142769255065
MRSE,0.2279657146702569
Training time,10.349207162857056
