Eval_metrics,Random_forest_RS
R2 Score,0.8885322936256546
MSE,489.0396336850905
MAE,13.347550862156943
MSLE,0.07217390057931303
MRSE,0.26483691871852266
Training time,12.314145803451538
