Eval_metrics,Random_forest_RS
R2 Score,0.7982903900475282
MSE,1521.8001318745373
MAE,21.44199745387761
MSLE,0.1257234203511989
MRSE,0.7565591623256709
Training time,11.322759628295898
