Eval_metrics,Decision_tree_Op
R2 Score,0.7276105917507945
MSE,2055.04456377929
MAE,23.75363046044864
MSLE,0.16628708348318713
MRSE,1.3510897363197747
Training time,0.9371991157531738
